{
  "mpsPerRpm": 0.00040673134134689803,
  "pendulumLengthM": 0.6357160886243302,
  "cartVelocityTrackingPerSec": 3.76988630046875,
  "angularDampingPerSec": 0.04
}
