{
  "mpsPerRpm": 0.008,
  "pendulumLengthM": 0.6357160886243302,
  "cartVelocityTrackingPerSec": 3.76988630046875,
  "angularDampingPerSec": 0.01
}
