{
  "mpsPerRpm": 0.0014671220499577592,
  "pendulumLengthM": 0.63571608862433,
  "cartVelocityTrackingPerSec": 1.3801644640083395,
  "angularDampingPerSec": 0.03865430095710671
}
